name,year,selling_price,km_driven,fuel,state
Maruti Swift Dzire VDI,2014,450000,145500,Diesel,excellent
Skoda Rapid 1.5 TDI Ambition,2014,370000,120000,Diesel,good
Honda City 2017-2020 EXi,2006,158000,140000,Petrol,regular
Hyundai i20 Sportz Diesel,2010,225000,127000,Diesel,excellent
Maruti Swift VXI BSIII,2007,130000,120000,Petrol,good
Hyundai Xcent 1.2 VTVT E Plus,2017,440000,45000,Petrol,excellent
Maruti Wagon R LXI DUO BSIII,2007,96000,175000,LPG,regular
Maruti 800 DX BSII,2001,45000,5000,Petrol,excellent
Toyota Etios VXD,2011,350000,90000,Diesel,good
Ford Figo Diesel Celebration Edition,2013,200000,169000,Diesel,regular
Renault Duster 110PS Diesel RxL,2014,500000,68000,Diesel,good
Maruti Zen LX,2005,92000,100000,Petrol,excellent
Maruti Swift Dzire VDi,2009,280000,140000,Diesel,regular
Maruti Swift 1.3 VXi,2007,200000,80000,Petrol,good
Maruti Wagon R LXI Minor,2009,180000,90000,Petrol,excellent
Mahindra KUV 100 mFALCON G80 K8 5str,2016,400000,40000,Petrol,regular
Maruti Ertiga SHVS VDI,2016,778000,70000,Diesel,good
Hyundai i20 1.4 CRDi Asta,2012,500000,53000,Diesel,excellent
Maruti Alto LX,2002,150000,80000,Petrol,regular
Hyundai i20 2015-2017 Asta 1.4 CRDi,2016,680000,100000,Diesel,good
Mahindra Verito 1.5 D4 BSIII,2011,174000,100000,Diesel,regular
Honda WR-V i-DTEC VX,2017,950000,50000,Diesel,excellent
Maruti Swift Dzire ZDI,2015,525000,40000,Diesel,good
Maruti SX4 ZDI,2012,600000,72000,Diesel,excellent
Tata Tigor 2017-2020 XZ,2018,500000,35000,Petrol,good
Maruti Baleno Delta 1.2,2016,575000,45000,Petrol,regular
Maruti Alto 800 LXI,2017,275000,28000,Petrol,excellent
Chevrolet Enjoy TCDi LTZ 7 Seater,2013,300000,70000,Diesel,good
Maruti Wagon R LXI Minor,2009,220000,120000,Petrol,excellent
Maruti Omni E MPI STD BS IV,2018,254999,25000,Petrol,regular
Maruti Vitara Brezza LDi Option,2017,670000,70000,Diesel,good
Fiat Palio 1.2 ELX,2003,70000,50000,Petrol,regular
Maruti Omni 8 Seater BSIV,2012,150000,35000,Petrol,excellent
Hyundai i20 1.2 Asta Dual Tone,2018,730000,2388,Petrol,good
Maruti Vitara Brezza LDi,2017,650000,16200,Diesel,excellent
Maruti Alto 800 CNG LXI Optional,2019,330000,10000,CNG,regular
Maruti Alto K10 VXI Airbag,2019,366000,15000,Petrol,good
Hyundai Verna VTVT 1.6 SX Option,2019,1149000,5000,Petrol,excellent
Datsun GO D,2016,150000,42000,Petrol,regular
Tata Safari DICOR 2.2 LX 4x2,2011,425000,60000,Diesel,good
Maruti 800 Std,2012,150000,76000,Petrol,regular
Jeep Compass 1.4 Limited Plus BSIV,2019,2100000,5000,Petrol,excellent
Honda City i VTEC VX,2018,925000,28900,Petrol,good
Honda City V MT,2013,425000,86300,Petrol,regular
Maruti Swift Dzire VXi AT,2018,675000,23300,Petrol,excellent
Maruti Vitara Brezza VDi,2018,819999,32600,Diesel,good
Maruti Alto K10 VXI,2018,390000,10300,Petrol,regular
Toyota Fortuner 4x4 MT,2014,1500000,77000,Diesel,excellent
Toyota Innova 2.5 G (Diesel) 7 Seater BS IV,2013,700000,99000,Diesel,good
Mercedes-Benz B Class B180,2014,1450000,27800,Diesel,regular
Honda Amaze S Diesel,2015,425000,49800,Diesel,excellent
Mitsubishi Pajero Sport 4X4,2013,1090000,151000,Diesel,good
Honda City i DTEC S,2015,600000,54700,Diesel,regular
Maruti Ciaz Zeta,2018,850000,64000,Petrol,good
Honda Jazz VX Diesel,2015,525000,63000,Diesel,excellent
Toyota Innova Crysta 2.8 ZX AT BSIV,2016,1650000,127700,Diesel,regular
Toyota Innova 2.5 G (Diesel) 7 Seater,2016,950000,99000,Diesel,good
Audi A6 2.0 TDI Technology,2013,1750000,33900,Diesel,regular
Toyota Corolla Altis 1.8 VL CVT,2018,1590000,25000,Petrol,excellent
Audi A6 2.0 TDI  Design Edition,2013,1689999,50000,Diesel,good
Mercedes-Benz New C-Class 220 CDI AT,2013,1425000,59000,Diesel,excellent
Tata Manza ELAN Quadrajet BS IV,2011,265000,120000,Diesel,regular
Hyundai i10 Magna,2011,190000,110000,Petrol,good
Hyundai i20 Asta 1.4 CRDi,2013,425000,60000,Diesel,regular
Maruti Swift Dzire ZDI,2015,630000,147000,Diesel,excellent
Ford Figo 1.2P Titanium MT,2017,600000,25000,Petrol,good
Maruti Baleno Delta 1.2,2019,650000,30000,Petrol,regular
Volkswagen Ameo 1.5 TDI Highline 16 Alloy,2016,540000,40000,Diesel,excellent
Honda City i DTEC VX,2015,630000,135000,Diesel,good
Maruti Wagon R AMT VXI,2018,448000,30000,Petrol,regular
Volkswagen Ameo 1.5 TDI Comfortline,2017,500000,80000,Diesel,excellent
Maruti Vitara Brezza VDi,2016,745000,70000,Diesel,good
Maruti Vitara Brezza ZDi Plus AMT,2019,1025000,9850,Diesel,regular
Hyundai i10 Magna,2011,235000,60000,Petrol,excellent
Maruti Swift VDI Deca,2016,630000,70000,Diesel,good
Toyota Fortuner 4x4 MT,2015,1700000,78000,Diesel,regular
Maruti Swift Star VDI,2013,450000,120000,Diesel,good
Maruti Ertiga ZXI,2012,450000,120000,Petrol,excellent
Tata Indica DLS,2003,50000,70000,Diesel,regular
Volkswagen Vento Diesel Highline,2013,450000,170000,Diesel,good
Toyota Innova 2.5 VX (Diesel) 8 Seater,2016,1200000,140000,Diesel,excellent
Ford EcoSport 1.5 TDCi Titanium Plus BSIV,2015,610000,90000,Diesel,regular
BMW X1 sDrive20i xLine,2016,2500000,30000,Petrol,good
Maruti Celerio ZXI MT BSIV,2017,484999,10000,Petrol,regular
Datsun GO A Petrol,2016,275000,49000,Petrol,excellent
Maruti Alto 800 VXI BSIV,2016,315000,32000,Petrol,good
Maruti Alto 800 LXI BSIV,2016,275000,38000,Petrol,regular
Maruti Swift VDI BSIV W ABS,2015,475000,78000,Diesel,good
Hyundai i10 Era 1.1,2012,290000,28000,Petrol,excellent
Maruti Omni 8 Seater BSIV,2017,280000,32000,Petrol,regular
Maruti Wagon R LXI LPG BSIV,2010,225000,44000,LPG,good
Volkswagen Polo 1.2 MPI Comfortline,2015,455000,42000,Petrol,excellent
Hyundai i10 Magna 1.1L,2015,351000,45000,Petrol,regular
Volkswagen Vento Petrol Highline,2012,535000,12000,Petrol,good
Maruti Zen Estilo LXI BSIII,2009,175000,55500,Petrol,excellent
Hyundai i20 Asta Optional with Sunroof 1.2,2013,525000,61500,Petrol,regular
Maruti Swift Dzire LDI,2016,600000,150000,Diesel,good
Hyundai Xcent 1.2 Kappa SX Option AT,2016,565000,72000,Petrol,regular
Maruti Alto LX BSIII,2008,120000,68000,Petrol,excellent
Hyundai i20 1.4 Asta Option,2017,725000,110000,Diesel,good
Maruti Wagon R VXI,2009,185000,77000,Petrol,regular
Tata Manza Aura (ABS) Quadrajet,2010,200000,100000,Diesel,excellent
Maruti Swift VXI,2019,615000,10000,Petrol,good
Maruti Eeco 7 Seater Standard BSIV,2016,270000,100000,Petrol,regular
Maruti Baleno Zeta 1.2,2018,610000,35000,Petrol,excellent
Mahindra Scorpio VLX AT AIRBAG BSIV,2014,625000,70000,Diesel,good
Ford Freestyle Titanium Petrol BSIV,2020,400000,5000,Petrol,regular
Hyundai Verna VTVT 1.6 SX,2017,866000,37800,Petrol,excellent
Volkswagen Passat 1.8 TSI MT,2010,700000,114000,Petrol,good
Tata Indica Vista Aura 1.2 Safire (ABS) BS IV,2010,300000,48000,Petrol,regular
Mahindra XUV500 W11 Option AWD,2019,1700000,32000,Diesel,excellent
Tata Indigo CS LS (TDI) BS-III,2016,375000,100000,Diesel,good
Hyundai Verna 1.6 SX,2013,522000,150000,Diesel,regular
Hyundai i20 Magna 1.4 CRDi (Diesel),2013,451999,69000,Diesel,good
Toyota Corolla Altis G,2009,300000,100000,Petrol,excellent
Maruti Celerio VXI,2020,475000,13000,Petrol,regular
Maruti Vitara Brezza ZDi Plus Dual Tone,2016,780000,60000,Diesel,good
Maruti Swift Dzire VXI,2017,595000,40000,Petrol,excellent
Maruti Wagon R VXI BS IV,2017,440000,35000,Petrol,regular
Maruti Swift VDI BSIV,2010,300000,120000,Diesel,good
Nissan Terrano XL 85 PS,2014,400000,70000,Diesel,regular
Hyundai Creta 1.6 CRDi SX,2016,1140000,50000,Diesel,excellent
Ford EcoSport 1.5 Diesel Titanium Plus BSIV,2017,850000,76139,Diesel,good
Maruti Swift Dzire VDi,2012,370000,175000,Diesel,regular
Renault KWID 1.0,2018,350000,25000,Petrol,excellent
Maruti Celerio VXI,2015,360000,40000,Petrol,good
Maruti Alto LXi,2008,105000,65000,Petrol,regular
Maruti Ertiga VDI,2013,625000,90000,Diesel,excellent
Hyundai Santro Xing GLS,2009,135000,80000,Petrol,good
Maruti Ertiga VDI,2015,700000,110000,Diesel,regular
Honda Amaze S i-VTEC,2019,690000,1303,Petrol,excellent
Audi Q5 35TDI Premium Plus,2018,3975000,31800,Diesel,good
Lexus ES 300h,2019,5150000,20000,Petrol,regular
Jaguar XF 2.0 Diesel Portfolio,2017,3200000,45000,Diesel,good
Jeep Wrangler 2016-2019 3.6 4X4,2017,4100000,17000,Petrol,excellent
Land Rover Discovery Sport TD4 SE,2019,4500000,21000,Diesel,regular
Mercedes-Benz S-Class S 350 CDI,2017,6000000,37000,Diesel,good
BMW 5 Series 520d Sport Line,2018,3790000,29500,Diesel,excellent
BMW X1 sDrive 20D xLine,2017,2150000,27000,Diesel,regular
BMW X4 M Sport X xDrive20d,2019,5800000,7500,Diesel,good
Skoda Superb LK 1.8 TSI AT,2018,1864999,50000,Petrol,regular
Mercedes-Benz E-Class E250 Edition E,2016,2700000,35000,Diesel,excellent
MG Hector Sharp AT BSIV,2019,1750000,19000,Petrol,good
Honda City i-VTEC CVT VX,2017,795000,41000,Petrol,regular
Toyota Corolla Altis 1.8 G CVT,2013,625000,39000,Petrol,excellent
Volvo XC40 D4 R-Design,2018,3400000,22000,Diesel,good
Audi Q7 35 TDI Quattro Premium,2015,2650000,53000,Diesel,regular
Maruti Ciaz ZDi,2015,535000,40000,Diesel,excellent
Mercedes-Benz S-Class S 350 CDI,2017,5850000,47000,Diesel,good
BMW 5 Series 523i,2010,975000,72200,Petrol,regular
Hyundai Elantra S,2016,805000,49900,Petrol,excellent
Jaguar XE 2016-2019 2.0L Diesel Prestige,2017,2625000,9000,Diesel,good
Tata Nexon 1.2 Revotron XZ Plus Dual Tone,2018,811000,11000,Petrol,regular
Volkswagen Vento Petrol Highline,2011,375000,49000,Petrol,excellent
Hyundai Elantra SX,2012,550000,95000,Petrol,good
Skoda Rapid 1.6 MPI AT Elegance,2016,645000,11000,Petrol,regular
Mercedes-Benz CLA 200 CGI Sport,2018,2550000,18000,Petrol,good
Maruti Ertiga ZXI,2014,599000,46100,Petrol,excellent
Mercedes-Benz New C-Class C 200 AVANTGARDE,2017,2700000,16000,Petrol,regular
Honda City V AT,2017,875000,18000,Petrol,good
Toyota Glanza V CVT,2019,894999,9654,Petrol,excellent
Maruti Alto K10 VXI,2011,175000,11000,Petrol,regular
Maruti Swift VXI,2012,340000,24300,Petrol,good
Toyota Innova Crysta 2.8 ZX AT BSIV,2016,1525000,42163,Diesel,regular
Tata Nexon 1.5 Revotorq XZA Plus DualTone,2018,1025000,8000,Diesel,excellent
BMW 3 Series 320d Luxury Line,2016,2150000,30000,Diesel,good
Toyota Camry 2.5 Hybrid,2016,1900000,41000,Petrol,regular
BMW 5 Series 520d Luxury Line,2016,2900000,12000,Diesel,excellent
Toyota Camry W4 (AT),2009,450000,71000,Petrol,good
Maruti Ertiga BSIV ZXI Plus,2016,850000,20000,Petrol,regular
Volvo XC90 T8 Excellence BSIV,2017,10000000,30000,Petrol,excellent
Volkswagen Vento Diesel Highline,2011,300000,100000,Diesel,good
Ford Figo Aspire 1.2 Ti-VCT Trend,2018,575000,9500,Petrol,regular
Ford Figo Diesel LXI,2011,160000,120000,Diesel,excellent
Maruti Swift VXI Optional,2015,515000,36600,Petrol,good
Maruti Wagon R AMT VXI,2015,390000,50000,Petrol,regular
Hyundai i20 Magna 1.2,2016,550000,14000,Petrol,good
Maruti 800 Std,1999,40000,40000,Petrol,excellent
Maruti Ritz VDi,2010,220000,120000,Diesel,regular
Hyundai Grand i10 Magna,2015,425000,70000,Petrol,good
Volkswagen Ameo 1.0 MPI Trendline,2019,480000,13000,Petrol,excellent
Hyundai Grand i10 Sportz,2014,400000,60000,Petrol,regular
Maruti Swift Dzire VXI,2014,487000,35000,Petrol,good
Hyundai Xcent 1.2 Kappa S,2016,386000,44000,Petrol,regular
Honda City 1.5 EXI,2005,100000,120000,Petrol,excellent
Toyota Corolla Altis Diesel D4DG,2010,300000,60000,Diesel,good
Daewoo Matiz SD,2000,100000,60000,Petrol,regular
Toyota Fortuner 4x2 Manual,2014,1750000,30000,Diesel,excellent
Mahindra KUV 100 mFALCON G80 K8,2016,450000,15000,Petrol,good
Tata Zest Quadrajet 1.3 75PS XM,2017,490000,90000,Diesel,regular
Honda City 1.5 S MT,2009,345000,47000,Petrol,excellent
Maruti Zen LXI,2005,85000,90000,Petrol,good
Maruti Wagon R VXI BS IV with ABS,2010,215000,120600,Petrol,regular
Hyundai Verna Transform SX VTVT,2010,320000,100000,Petrol,excellent
Maruti Swift Dzire VXI,2016,459999,60000,Petrol,good
Hyundai Getz GLS,2005,65000,86000,Petrol,regular
Hyundai Elite i20 Sportz Plus BSIV,2020,720000,5000,Petrol,good
Maruti Ciaz 1.3 Alpha,2017,800000,37000,Diesel,excellent
Tata Tigor 1.2 Revotron XZ,2019,520000,14000,Petrol,regular
Maruti Ertiga VDI,2015,580000,70000,Diesel,good
Toyota Etios GD,2012,235000,120000,Diesel,excellent
Honda City i VTEC S,2015,600000,50000,Petrol,regular
Honda Brio S MT,2014,290000,60000,Petrol,good
Maruti Wagon R LXI CNG,2016,360000,50000,CNG,regular
Maruti Swift Dzire VXI,2017,550000,50000,Petrol,excellent
Hyundai i20 Sportz 1.2,2013,375000,70000,Petrol,good
Maruti Omni E 8 Str STD,2003,40000,90000,Petrol,regular
Maruti Wagon R AMT VXI,2018,420000,35000,Petrol,excellent
Maruti Swift Dzire VXI 1.2,2017,550000,20000,Petrol,good
Maruti Alto 800 LXI,2018,270000,20000,Petrol,regular
Maruti Swift Dzire AMT VXI BS IV,2018,700000,7800,Petrol,excellent
Maruti Swift VXI Optional,2017,500000,20000,Petrol,good
Tata Hexa XE,2019,1250000,15000,Diesel,regular
Hyundai i20 Magna,2013,320000,31377,Petrol,excellent
Maruti Swift Dzire VDI,2018,700000,50000,Diesel,good
Maruti Wagon R VXI BS IV,2015,290000,60000,Petrol,regular
Toyota Corolla Altis 1.8 VL AT,2012,550000,100000,Petrol,good
Honda Brio S MT,2012,265000,60000,Petrol,excellent
Maruti Baleno Alpha Automatic,2018,830000,5000,Petrol,regular
Tata Safari Storme EX,2017,800000,60000,Diesel,good
Maruti Alto LXi,2011,160000,25000,Petrol,excellent
Renault KWID RXT,2018,335000,30000,Petrol,regular
Datsun GO T BSIV,2017,329000,80000,Petrol,good
Maruti Vitara Brezza VDi Option,2017,775000,75000,Diesel,regular
Hyundai Xcent 1.2 VTVT SX,2020,524000,32000,Petrol,excellent
Maruti Alto 800 LXI,2015,245000,40000,Petrol,good
Hyundai i20 1.2 Sportz,2012,275000,93000,Petrol,regular
Tata Zest Revotron 1.2 XT,2018,520000,60000,Petrol,excellent
Maruti Swift 1.3 VXi,2008,130000,120000,Petrol,good
Nissan Sunny XL,2014,550000,37000,Petrol,regular
Ford EcoSport 1.5 Petrol Titanium Plus BSIV,2018,910000,15000,Petrol,excellent
Nissan Micra Active XV S,2015,300000,80000,Petrol,good
Maruti Wagon R LXI Optional,2016,350000,140000,Petrol,regular
Mahindra Ssangyong Rexton RX5,2013,900000,70000,Diesel,excellent
Mahindra Quanto C8,2013,300000,120000,Diesel,good
Maruti Ritz LDi,2010,250000,110000,Diesel,regular
Hyundai Creta 1.6 CRDi SX Plus Dual Tone,2017,1100000,37000,Diesel,good
Renault KWID RXT,2016,270000,44000,Petrol,excellent
Maruti Ertiga VDI,2015,640000,80000,Diesel,regular
Mahindra XUV500 W4,2015,650000,125000,Diesel,good
Maruti Eeco 5 Seater AC BSIV,2017,409999,13500,Petrol,excellent
Hyundai Santro Xing GLS,2011,165000,75000,Petrol,regular
Hyundai Accent GLE,2007,80000,120000,Petrol,good
Mahindra XUV500 W8 2WD,2012,535000,120000,Diesel,regular
Toyota Innova 2.5 EV (Diesel) PS 7 Seater BS IV,2013,700000,70000,Diesel,excellent
Maruti Swift Dzire VDI,2013,550000,70000,Diesel,good
Honda Amaze S CVT Petrol BSIV,2019,680000,15000,Petrol,regular
Hyundai i10 Sportz 1.2,2009,200000,53000,Petrol,excellent
Maruti Swift Dzire VDI,2014,500000,120000,Diesel,good
Maruti Ertiga SHVS ZDI Plus,2016,1000000,70000,Diesel,regular
Hyundai Getz 1.3 GVS,2008,110000,120000,Petrol,excellent
Hyundai i20 1.2 Magna,2012,320000,100000,Petrol,good
Tata Indica DLS,2005,75000,110000,Diesel,regular
Maruti Swift LXI Optional-O,2015,350000,100000,Petrol,excellent
Tata Indica Vista TDI LS,2013,170000,162500,Diesel,good
Hyundai i20 2015-2017 Asta 1.4 CRDi,2017,800000,39000,Diesel,regular
Maruti Ignis 1.3 Alpha,2017,500000,75000,Diesel,good
Tata Hexa XTA,2017,1380000,50000,Diesel,excellent
Mahindra Marazzo M6 8Str,2019,1300000,40000,Diesel,regular
Hyundai Verna 1.6 CRDI,2013,530000,92500,Diesel,good
Maruti Swift Dzire VDI,2012,360000,158000,Diesel,excellent
Maruti Swift Dzire LDi,2012,310000,120000,Diesel,regular
Honda City i DTEC V,2015,725000,50000,Diesel,good
Maruti Swift Dzire ZDi,2012,340000,110000,Diesel,regular
Hyundai Xcent 1.2 CRDi E,2017,550000,2000,Diesel,excellent
Toyota Fortuner 3.0 Diesel,2011,1150000,181000,Diesel,good
Tata Tiago 1.05 Revotorq XZ,2016,380000,70000,Diesel,regular
Nissan Sunny XL AT Special Edition,2013,350000,90000,Petrol,excellent
Hyundai Elite i20 Magna Plus BSIV,2019,610000,2000,Petrol,good
Maruti Swift Dzire VXI,2015,525000,20000,Petrol,regular
Toyota Innova 2.5 GX 7 STR,2011,480000,120000,Diesel,excellent
Mahindra Thar CRDe,2017,780000,35000,Diesel,good
Maruti Swift Dzire ZDi,2012,320000,193000,Diesel,regular
Maruti Swift 1.2 DLX (Only Delhi),2014,375000,80000,Petrol,excellent
Datsun GO D Petrol,2019,300000,40000,Petrol,good
Hyundai i20 Asta 1.4 CRDi,2015,500000,70000,Diesel,regular
Mahindra Scorpio LX,2011,404000,122358,Diesel,good
Tata Sumo Gold EX BSIII,2015,500000,75000,Diesel,excellent
Tata Tiago Wizz 1.05 Revotorq,2017,350000,120000,Diesel,regular
Tata Zest Revotron 1.2 XT,2015,380000,40000,Petrol,good
Hyundai Accent GLE,2008,114999,95200,Petrol,excellent
Honda Brio Exclusive Edition,2014,335000,33033,Petrol,regular
Hyundai Grand i10 AT Asta,2015,465000,63063,Petrol,good
Tata Manza Club Class Quadrajet90 LX,2012,290000,60000,Diesel,regular
Maruti Alto LX,2005,110000,45000,Petrol,excellent
Tata New Safari DICOR 2.2 EX 4x2,2011,450000,80000,Diesel,good
Mahindra Bolero SLE,2009,400000,170000,Diesel,regular
Mahindra Bolero DI DX 7 Seater,2007,210000,207890,Diesel,excellent
Mercedes-Benz GL-Class 220d 4MATIC Sport,2018,4600000,7976,Diesel,good
Maruti Omni E MPI STD BS IV,2016,220000,35000,Petrol,regular
Hyundai Grand i10 Sportz,2017,450000,35000,Petrol,excellent
Hyundai Grand i10 Sportz,2017,450000,35000,Petrol,good
Hyundai i10 Sportz AT,2013,290000,50000,Petrol,regular
Maruti Swift VXI Deca,2016,520000,20000,Petrol,excellent
Hyundai i10 Sportz AT,2011,265000,20000,Petrol,good
Maruti Swift VXI,2012,330000,50000,Petrol,regular
Maruti Swift VXI,2012,330000,50000,Petrol,good
Mahindra Bolero 2011-2019 ZLX,2014,509999,120000,Diesel,excellent
Hyundai Verna 1.6 SX VTVT (O),2014,500000,70000,Petrol,regular
Hyundai i20 Active 1.2,2015,525000,50000,Petrol,good
Maruti Baleno Zeta,2019,675000,16500,Petrol,excellent
Hyundai i20 1.2 Asta,2010,300000,70000,Petrol,regular
Maruti Alto LXI,2005,90000,99361,Petrol,good
Maruti Swift Dzire VDI,2017,650000,25000,Diesel,regular
Maruti Swift Dzire VXI,2014,409000,70000,Petrol,excellent
Hyundai Grand i10 CRDi Sportz,2015,395000,80000,Diesel,good
Maruti Swift 1.3 VXi,2010,215000,70000,Petrol,regular
Maruti Swift Dzire VXI,2014,400000,70000,Petrol,excellent
Chevrolet Beat LS,2012,120000,60000,Petrol,good
Tata Tigor 1.2 Revotron XZA,2018,645000,10000,Petrol,regular
Maruti 800 Std,2006,81000,80000,Petrol,excellent
Honda City i-DTEC VX,2017,1300000,30000,Diesel,good
Honda City i-DTEC VX,2017,1250000,33000,Diesel,regular
Maruti Ertiga VXI,2013,535000,90000,Petrol,excellent
Nissan Terrano XV Premium 110 PS,2014,555000,80100,Diesel,good
Honda City i VTEC VX,2014,725000,120000,Petrol,regular
Mahindra Willys CJ 3B 4X4,1983,300000,10000,Diesel,good
Renault KWID RXL,2016,229999,40000,Petrol,excellent
Toyota Innova 2.5 GX (Diesel) 8 Seater,2013,800000,160000,Diesel,regular
Maruti Wagon R VXI BS IV,2017,409999,47000,Petrol,good
Hyundai Creta 1.4 CRDi S Plus,2018,1210000,25000,Diesel,excellent
Tata Tiago 1.2 Revotron XZ,2017,400000,26000,Petrol,regular
Hyundai Grand i10 1.2 CRDi Sportz,2018,520000,29000,Diesel,good
Maruti Baleno Zeta Automatic,2016,650000,50000,Petrol,regular
Maruti Swift ZXI ABS,2011,325000,58000,Petrol,excellent
Maruti Swift Dzire VXi AT,2012,420000,120000,Petrol,good
Maruti Swift LXI Option,2014,400000,50000,Petrol,regular
Hyundai i20 1.2 Asta,2010,254999,80000,Petrol,excellent
Maruti Zen LXI,2003,65000,60000,Petrol,good
Maruti Celerio LXI,2017,351000,36000,Petrol,regular
Toyota Innova 2.5 V Diesel 8-seater,2007,404000,120000,Diesel,excellent
Maruti Ritz LDi,2011,185000,185000,Diesel,good
Nissan Micra Diesel XV,2011,250000,50000,Diesel,regular
Maruti Zen LXI,2002,60000,100000,Petrol,excellent
Hyundai Verna 1.6 SX VTVT (O),2013,500000,50000,Petrol,good
Maruti Zen Estilo LXI BSIII,2007,85000,80000,Petrol,regular
Hyundai Santro Xing XL,2005,85000,60000,Petrol,good
Maruti Alto LX,2005,85000,80000,Petrol,excellent
Maruti Swift Dzire ZDi,2011,265000,90000,Diesel,regular
Maruti A-Star Vxi,2010,130000,162000,Petrol,good
Maruti Ertiga VDI,2013,480000,110000,Diesel,excellent
Maruti Swift Ldi BSIII,2008,170000,120000,Diesel,regular
Nissan Micra Diesel XV,2011,275000,45000,Diesel,good
Maruti Wagon R LXI,2005,89000,90000,Petrol,regular
Ford Figo Diesel Titanium,2010,170000,90000,Diesel,excellent
Mahindra XUV300 W8 Option BSIV,2019,1090000,16500,Petrol,good
Hyundai Creta 1.6 CRDi AT SX Plus,2017,1100000,67000,Diesel,regular
Maruti Swift VXI BSIV,2018,610000,52000,Petrol,excellent
Datsun GO T Option BSIV,2016,335000,40000,Petrol,good
Hyundai Grand i10 Asta,2015,434999,40000,Petrol,regular
Toyota Fortuner 2.8 2WD MT BSIV,2018,3000000,35000,Diesel,excellent
Renault KWID RXL,2018,390000,13000,Petrol,good
Honda Brio 1.2 VX MT,2012,325000,40000,Petrol,regular
Volkswagen Ameo 1.2 MPI Comfortline Plus,2019,640000,10000,Petrol,excellent
Nissan Sunny XV Special Edition,2012,450000,9000,Petrol,good
Toyota Etios Liva GD SP,2013,400000,70000,Diesel,regular
Hyundai i10 Sportz,2009,215000,60000,Petrol,good
Renault Duster 85PS Diesel RxL,2014,570000,40000,Diesel,excellent
Mahindra XUV500 W8 2WD,2012,680000,93000,Diesel,regular
Toyota Innova 2.5 V Diesel 7-seater,2008,325000,80000,Diesel,good
Tata Indigo CS eGLX BS IV,2011,150000,50000,Petrol,excellent
Hyundai Elantra SX AT,2013,690000,68000,Petrol,regular
Mercedes-Benz New C-Class 220 CDI AT,2013,1550000,25000,Diesel,good
Tata Nano STD,2012,64000,18000,Petrol,regular
Nissan Micra Diesel XL,2013,250000,120000,Diesel,excellent
Maruti Wagon R LXI,2005,65000,35000,Petrol,good
Maruti Swift Dzire VDI,2016,550000,60000,Diesel,regular
Hyundai i10 Magna,2010,140000,70000,Petrol,excellent
Renault KWID RXT,2016,300000,30000,Petrol,good
Volkswagen GTI 1.8 TSI,2016,800000,70000,Petrol,regular
Jaguar XE 2016-2019 2.0L Diesel Prestige,2017,2625000,9000,Diesel,excellent
Lexus ES 300h,2019,5150000,20000,Petrol,good
Jaguar XF 2.0 Diesel Portfolio,2017,3200000,45000,Diesel,regular
Tata Safari Storme EX,2015,503000,110000,Diesel,excellent
Volvo XC40 D4 Inscription BSIV,2019,3800000,20000,Diesel,good
Toyota Camry 2.5 Hybrid,2016,2000000,68089,Petrol,regular
Maruti Wagon R LXI,2013,225000,58343,Petrol,good
Maruti Baleno Alpha 1.3,2018,740000,38817,Diesel,excellent
Honda Jazz VX,2016,550000,56494,Petrol,regular
Toyota Innova 2.5 VX (Diesel) 7 Seater,2013,750000,79328,Diesel,good
Maruti Swift AMT VVT VXI,2019,650000,5621,Petrol,excellent
Toyota Etios VX,2017,625000,25538,Petrol,regular
Maruti Swift AMT ZXI,2018,600000,69779,Petrol,good
Hyundai Grand i10 1.2 CRDi Sportz,2017,450000,56290,Diesel,regular
BMW X4 M Sport X xDrive20d,2019,5400000,7500,Diesel,excellent
BMW X4 M Sport X xDrive20d,2019,5500000,8500,Diesel,good
Honda Amaze V CVT Petrol BSIV,2019,779000,7032,Petrol,regular
Skoda Rapid 1.6 MPI AT Elegance,2016,645000,11000,Petrol,excellent
Volvo V40 D3 R-Design,2018,2475000,2000,Diesel,good
Hyundai i10 Magna,2010,150000,106000,Petrol,regular
Toyota Etios Liva Diesel TRD Sportivo,2012,265000,162000,Diesel,excellent
Honda CR-V 2.4L 4WD AT,2009,500000,120000,Petrol,good
Maruti Swift Dzire VDI,2015,480000,90000,Diesel,regular
Hyundai Verna 1.6 SX CRDi (O),2014,535000,70000,Diesel,excellent
Toyota Innova 2.5 G1 Diesel 8-seater,2005,250000,240000,Diesel,good
Maruti SX4 Celebration Diesel,2012,300000,100000,Diesel,regular
Hyundai Verna XXi ABS (Petrol),2009,340000,214000,Petrol,good
Hyundai Verna CRDi SX,2009,340000,214000,Diesel,excellent
Maruti Alto 800 VXI,2016,240000,50000,Petrol,regular
Honda City i-VTEC CVT V,2018,1085000,1000,Petrol,good
Maruti Swift Dzire AMT VDI,2017,750000,19000,Diesel,excellent
Tata Indigo LS,2012,95000,265000,Diesel,regular
Maruti Eeco CNG 5 Seater AC,2020,409999,35000,CNG,good
Maruti Alto K10 VXI,2014,215000,80000,Petrol,regular
Mahindra XUV500 AT W10 AWD,2016,1290000,50000,Diesel,excellent
Maruti Alto K10 LXI,2010,150000,80000,Petrol,good
Hyundai EON Sportz,2013,219000,50000,Petrol,regular
Tata Tiago 1.2 Revotron XE,2018,325000,100000,Petrol,excellent
Maruti Eeco Smiles 5 Seater AC,2013,260000,120000,Petrol,good
Jaguar XE 2016-2019 2.0L Diesel Prestige,2017,2625000,9000,Diesel,regular
Lexus ES 300h,2019,5150000,20000,Petrol,excellent
Jaguar XF 2.0 Diesel Portfolio,2017,3200000,45000,Diesel,good
Tata Safari Storme EX,2015,503000,110000,Diesel,regular
Volvo XC40 D4 Inscription BSIV,2019,3800000,20000,Diesel,excellent
Toyota Camry 2.5 Hybrid,2016,2000000,68089,Petrol,good
Maruti Wagon R LXI,2013,225000,58343,Petrol,regular
Maruti Baleno Alpha 1.3,2018,740000,38817,Diesel,good
Honda Jazz VX,2016,550000,56494,Petrol,excellent
Toyota Innova 2.5 VX (Diesel) 7 Seater,2013,750000,79328,Diesel,regular
Maruti Swift AMT VVT VXI,2019,650000,5621,Petrol,good
Toyota Etios VX,2017,625000,25538,Petrol,excellent
Maruti Swift AMT ZXI,2018,600000,69779,Petrol,regular
Hyundai Grand i10 1.2 CRDi Sportz,2017,450000,56290,Diesel,good
BMW X4 M Sport X xDrive20d,2019,5400000,7500,Diesel,regular
BMW X4 M Sport X xDrive20d,2019,5500000,8500,Diesel,excellent
Honda Amaze V CVT Petrol BSIV,2019,779000,7032,Petrol,good
Skoda Rapid 1.6 MPI AT Elegance,2016,645000,11000,Petrol,regular
Volvo V40 D3 R-Design,2018,2475000,2000,Diesel,excellent
Honda Amaze S CVT Diesel BSIV,2019,700000,40000,Diesel,good
Hyundai Creta 1.4 CRDi Base,2017,950000,45000,Diesel,regular
Maruti Alto LXi BSIII,2010,160000,80000,Petrol,excellent
Hyundai Xcent 1.1 CRDi S Option,2015,409999,135000,Diesel,good
Toyota Innova 2.5 G (Diesel) 7 Seater,2015,840000,120000,Diesel,regular
Toyota Etios Liva Diesel,2013,450000,67000,Diesel,excellent
Maruti Swift Dzire ZDI Plus,2017,900000,50000,Diesel,good
Toyota Innova 2.5 V Diesel 7-seater,2008,570000,134000,Diesel,regular
Nissan Micra Diesel XV,2011,254999,110000,Diesel,good
Maruti 800 AC BSIII,2009,130000,40000,Petrol,excellent
Maruti Swift Dzire VDI,2013,530000,120000,Diesel,regular
Volkswagen Polo 1.5 TDI Highline,2015,520000,110000,Diesel,good
Mahindra Verito 1.5 D2 BSIII,2011,229999,170000,Diesel,excellent
Maruti 800 AC BSIII,2004,81000,80000,Petrol,regular
Maruti Swift VDI Optional,2016,600000,47000,Diesel,good
Hyundai Xcent 1.2 Kappa S Option,2015,409999,93000,Petrol,regular
Maruti 800 Std,2010,120000,70000,Petrol,excellent
Maruti Celerio VXI,2014,320000,50000,Petrol,good
Ford Figo Diesel EXI,2015,292000,70000,Diesel,regular
Tata Safari DICOR 2.2 LX 4x2,2012,390000,80000,Diesel,excellent
Ford Figo 1.2P Titanium Plus MT,2016,550000,44000,Petrol,good
Maruti Celerio ZXI,2014,385000,25000,Petrol,regular
Hyundai Creta 1.6 VTVT S,2016,800000,25000,Petrol,excellent
Maruti Swift Dzire VXI 1.2,2019,675000,10000,Petrol,good
Tata Hexa XT,2018,1525000,50000,Diesel,regular
Ford EcoSport 1.5 Diesel Titanium Plus BSIV,2018,950000,30000,Diesel,excellent
Hyundai i20 Active 1.4 SX with AVN,2015,610000,50000,Diesel,good
Hyundai i20 Asta 1.4 CRDi,2012,525000,120000,Diesel,regular
Honda Amaze S CVT Diesel BSIV,2019,700000,40000,Diesel,good
Mahindra Bolero 2011-2019 SLE,2015,375000,80000,Diesel,excellent
Nissan Terrano XL Plus 85 PS,2015,580000,90000,Diesel,regular
Maruti Swift VXI Windsong Limited edition,2015,434999,50000,Petrol,good
Datsun RediGO 1.0 S,2020,350000,2136,Petrol,excellent
Toyota Innova 2.5 G (Diesel) 7 Seater,2012,730000,250000,Diesel,regular
Hyundai i20 Magna 1.2,2015,600000,35000,Petrol,good
Toyota Innova 2.5 VX (Diesel) 7 Seater,2015,1050000,120000,Diesel,regular
Maruti Baleno Alpha 1.3,2017,735000,70000,Diesel,excellent
Renault Duster 110PS Diesel RxZ,2018,1050000,18000,Diesel,good
Chevrolet Enjoy 1.3 TCDi LS 7,2016,420000,110000,Diesel,regular
Maruti SX4 S Cross 2015-2017 DDiS 200 Zeta,2017,800000,60000,Diesel,excellent
Toyota Fortuner 4x2 AT,2015,2000000,60000,Diesel,good
Maruti Swift Dzire VDI,2016,600000,147000,Diesel,regular
Toyota Fortuner 4x2 AT,2015,1900000,130000,Diesel,excellent
Chevrolet Captiva LT,2011,500000,99500,Diesel,good
Tata Indica Vista Aqua 1.4 TDI,2011,200000,110000,Diesel,regular
Nissan Micra Active XL Petrol,2016,370000,35000,Petrol,excellent
Hyundai Verna Transform CRDi VGT SX ABS,2010,260000,110000,Diesel,good
Mahindra KUV 100 mFALCON D75 K8,2016,280000,100000,Diesel,regular
Maruti Ertiga VXI,2014,610000,21000,Petrol,good
Ford Fiesta Titanium 1.5 TDCi,2013,300000,60000,Diesel,excellent
Tata Indigo CS LX DiCOR,2010,140000,40000,Diesel,regular
Hyundai i10 Magna 1.1L,2008,229999,50000,Petrol,good
Maruti A-Star Vxi,2010,200000,65000,Petrol,excellent
Maruti Wagon R VXI BSIII,2011,200000,80000,Petrol,regular
Hyundai Verna 1.6 CRDi S,2015,560000,119000,Diesel,good
Maruti Ertiga SHVS VDI,2016,750000,80000,Diesel,regular
Maruti Swift VDI BSIV,2017,585000,90000,Diesel,excellent
Hyundai Verna 1.6 VTVT S Option,2016,760000,20000,Petrol,good
Maruti Swift VDI BSIV,2014,430000,80000,Diesel,regular
Mahindra KUV 100 D75 K6 Plus,2020,480000,44665,Diesel,excellent
Kia Seltos HTE D,2019,643000,10000,Diesel,good
Hyundai Xcent 1.2 VTVT S,2018,500000,60000,Petrol,regular
Honda Brio 1.2 S MT,2016,425000,22000,Petrol,excellent
Maruti Alto 800 LXI,2014,250000,25000,Petrol,good
Maruti Celerio LDi,2016,285000,70000,Diesel,regular
Maruti Swift Dzire VXi,2008,160000,123000,Petrol,excellent
Volkswagen Vento Diesel Trendline,2011,250000,70000,Diesel,good
Chevrolet Beat LS,2013,170000,70000,Petrol,regular
Toyota Etios Liva GD,2013,409999,45000,Diesel,good
Hyundai Grand i10 AT Asta,2015,400000,40000,Petrol,excellent
Maruti Swift Dzire VDI,2019,700000,30000,Diesel,regular
Honda Civic 1.8 V AT,2007,350000,90000,Petrol,good
Maruti Ertiga BSIV VXI,2016,660000,34000,Petrol,excellent
Maruti Alto 800 VXI,2017,268000,25000,Petrol,regular
Maruti Alto 800 VXI,2016,270000,50000,Petrol,good
Chevrolet Beat Diesel LT,2013,300000,50000,Diesel,regular
Tata Tiago 1.2 Revotron XZ,2017,450000,90000,Petrol,excellent
Chevrolet Beat Diesel LT,2012,220000,70000,Diesel,good
Tata New Safari DICOR 2.2 VX 4x2,2009,250000,146000,Diesel,regular
Ford Figo Petrol EXI,2012,300000,85000,Petrol,excellent
Tata Indica V2 2001-2011 DLS BSIII,2009,88000,201850,Diesel,good
Maruti Swift Dzire VDI,2016,561000,30000,Diesel,regular
Maruti Swift Dzire VDI,2018,755000,15000,Diesel,excellent
Datsun RediGO S,2017,235000,25000,Petrol,good
Maruti Alto K10 LXI,2011,165000,90000,Petrol,regular
Maruti Swift Dzire LDi,2008,190000,80000,Diesel,excellent
Tata Indica V2 DLX BSII,2011,110000,50000,Diesel,good
Mahindra Bolero 2011-2019 DI 4WD NON AC,2012,320000,80000,Diesel,regular
Maruti Swift VDI BSIV,2010,330000,110000,Diesel,good
Hyundai i20 Asta Option 1.2,2016,540000,38000,Petrol,excellent
Hyundai EON Era Plus,2013,180000,60000,Petrol,regular
Maruti Eeco 7 Seater Standard BSIV,2016,270000,100000,Petrol,good
Maruti Swift Dzire 1.2 Vxi BSIV,2012,450000,30000,Petrol,excellent
Maruti Swift Dzire VXI,2014,450000,30000,Petrol,regular
Chevrolet Beat LT,2015,200000,50000,Petrol,good
Tata Tiago 1.2 Revotron XZ,2017,425000,42000,Petrol,regular
Chevrolet Sail 1.2 LS ABS,2016,400000,30000,Petrol,excellent
Maruti Alto LXi BSIII,2009,125000,60000,Petrol,good
Jeep Compass 2.0 Longitude Option BSIV,2018,1600000,14000,Diesel,regular
Honda City i VTEC VX,2015,900000,22000,Petrol,excellent
Volkswagen Vento Diesel Highline,2012,450000,90000,Diesel,good
Maruti Alto K10 2010-2014 VXI,2011,210000,46000,Petrol,regular
Hyundai i20 1.2 Asta Option,2018,801000,20000,Petrol,excellent
Tata Venture EX 7 Str Captain Seats,2014,317000,15000,Diesel,good
Maruti Ertiga VXI,2015,600000,40000,Petrol,regular
Hyundai i20 Magna,2014,330000,30000,Petrol,excellent
Hyundai EON Magna Plus,2017,320000,15000,Petrol,good
Maruti Estilo LXI,2010,160000,50000,Petrol,regular
Hyundai Getz GLX,2007,120000,110000,Petrol,good
Maruti Alto LXi,2009,130000,70000,Petrol,excellent
Chevrolet Sail 1.2 LS,2015,220000,80000,Petrol,regular
Maruti Swift VDI BSIV,2008,229999,50000,Diesel,good
Tata Zest Revotron 1.2T XM,2015,340000,110000,Petrol,excellent
Ford Classic 1.4 Duratorq CLXI,2013,200000,70000,Diesel,regular
Maruti Alto LXI,2002,140000,50000,Petrol,good
Toyota Innova 2.5 G (Diesel) 8 Seater,2013,1000000,190000,Diesel,regular
Mahindra Bolero SLX,2010,495000,100000,Diesel,excellent
Maruti Alto 800 LXI,2015,236000,60000,Petrol,good
Maruti Wagon R VXI BS IV,2015,390000,40000,Petrol,regular
Maruti Swift Dzire VDi,2009,275000,90000,Diesel,excellent
Tata Safari Storme EX,2015,503000,110000,Diesel,good
Maruti Vitara Brezza ZDi Plus Dual Tone,2017,775000,32000,Diesel,regular
Toyota Innova Crysta 2.8 ZX AT BSIV,2016,1800000,30000,Diesel,excellent
Hyundai Creta 1.6 CRDi SX,2016,850000,58000,Diesel,good
Maruti Vitara Brezza VDi,2018,750000,5000,Diesel,regular
Hyundai i20 1.2 Spotz,2018,570000,25000,Petrol,excellent
Hyundai Grand i10 1.2 Kappa Sportz BSIV,2018,580000,32000,Petrol,good
Honda Jazz 1.2 VX i VTEC,2016,484999,30000,Petrol,regular
Honda BR-V i-VTEC S MT,2017,700000,43000,Petrol,good
Hyundai Verna S,2012,415000,60000,Petrol,excellent
Nissan Micra XV CVT,2015,325000,50000,Petrol,regular
Ford Figo Aspire 1.2 Ti-VCT Trend,2018,550000,14200,Petrol,good
Hyundai EON Sportz,2017,300000,10000,Petrol,excellent
Datsun RediGO T Option,2018,217000,25000,Petrol,regular
Ford Freestyle Titanium Petrol BSIV,2018,700000,19100,Petrol,good
Hyundai Santro Sportz AMT BSIV,2019,466000,25000,Petrol,regular
Ford EcoSport 1.5 Diesel Trend BSIV,2014,484999,54000,Diesel,excellent
Nissan Sunny XL D,2018,670000,35000,Diesel,good
Hyundai Grand i10 1.2 Kappa Sportz BSIV,2018,500000,20000,Petrol,regular
Maruti SX4 S Cross 2015-2017 DDiS 200 Zeta,2016,675000,52000,Diesel,excellent
Hyundai i20 1.4 CRDi Asta,2011,220000,120000,Diesel,good
Jeep Compass 2.0 Limited,2017,1650000,50000,Diesel,regular
Maruti Ertiga ZDI,2013,630000,120000,Diesel,excellent
Tata Manza Aura Quadrajet,2010,250000,90000,Diesel,good
Maruti Wagon R LXI,2004,120000,120000,Petrol,regular
Skoda Rapid 1.5 TDI Elegance,2015,300000,101500,Diesel,excellent
Hyundai Verna 1.6 CRDi EX AT,2013,525000,75000,Diesel,good
Maruti Alto K10 LXI,2011,204999,97500,Petrol,regular
Maruti Alto K10 LXI,2011,204999,97500,Petrol,good
Mahindra Scorpio 1.99 S10,2016,1100000,100000,Diesel,excellent
Renault Duster 110PS Diesel RxZ,2012,480000,55735,Diesel,regular
Mahindra XUV500 W4,2014,605000,80000,Diesel,good
Maruti Alto 800 LXI Optional,2016,250000,50000,Petrol,excellent
Ford Figo Diesel Celebration Edition,2013,245000,70000,Diesel,regular
Hyundai i10 Magna 1.2 iTech SE,2012,210000,76000,Petrol,good
Maruti Swift Dzire VXI 1.2,2020,730000,1500,Petrol,regular
Mahindra Bolero 2011-2019 SLX,2012,500000,76000,Diesel,excellent
Maruti Wagon R VXI Optional,2015,400000,40000,Petrol,good
Hyundai EON Magna Plus,2015,280000,60000,Petrol,regular
Toyota Innova 2.5 G (Diesel) 8 Seater BS IV,2009,561000,170000,Diesel,excellent
Mitsubishi Pajero Sport 4X4,2013,950000,181491,Diesel,good
Chevrolet Beat Diesel LS,2016,375000,53319,Diesel,regular
Volkswagen Ameo 1.5 TDI Comfortline,2017,700000,40906,Diesel,excellent
Toyota Etios VX,2012,375000,31711,Petrol,good
Hyundai EON Era Plus,2012,270000,43755,Petrol,regular
Renault KWID RXT,2016,300000,66693,Petrol,excellent
Maruti Zen Estilo VXI BSIV,2010,225000,59549,Petrol,good
Toyota Innova 2.5 G (Diesel) 8 Seater,2015,1350000,94385,Diesel,regular
Maruti Zen Estilo LXI BSIII,2010,200000,73730,Petrol,good
Hyundai Verna 1.6 SX,2011,400000,221889,Diesel,excellent
Honda Amaze VX i-DTEC,2013,500000,116104,Diesel,regular
Maruti Swift VXI BSIV,2015,500000,150546,Petrol,good
Toyota Fortuner 2.8 2WD MT,2013,1500000,148120,Diesel,excellent
Ford Ecosport 1.5 Ti VCT MT Titanium,2015,555000,20000,Petrol,regular
Hyundai Grand i10 1.2 Kappa Magna AT,2018,580000,30000,Petrol,good
Tata Aria Pride,2011,337000,142000,Diesel,regular
Tata Sumo CX 10 Str BSIV,2011,175000,20000,Diesel,excellent
Tata Manza Aura Plus Quadrajet,2009,180000,120000,Diesel,good
Hyundai i10 Sportz 1.1L,2011,200000,80000,Petrol,regular
Tata Indigo CS LX (TDI) BS-III,2016,260000,60000,Diesel,excellent
Renault KWID 1.0 RXT Optional,2016,350000,25000,Petrol,good
Mahindra Bolero SLX,2011,409999,50000,Diesel,regular
Mahindra TUV 300 T8,2017,655000,126000,Diesel,excellent
Maruti Swift Dzire LDI,2015,370000,170000,Diesel,good
Maruti Alto 800 LXI,2013,200000,24000,Petrol,regular
Maruti Ertiga SHVS ZDI,2017,800000,100000,Diesel,excellent
Tata Tiago NRG Petrol,2019,550000,10000,Petrol,good
Ford Figo Diesel ZXI,2012,300000,70000,Diesel,regular
Maruti Omni E MPI STD BS IV,2017,220000,40000,Petrol,good
Maruti Wagon R LXI BS IV,2011,196000,110000,Petrol,excellent
Hyundai i10 Era,2008,135000,80000,Petrol,regular
Tata Bolt Revotron XE,2015,299000,16500,Petrol,good
Maruti Alto K10 VXI,2017,300000,30000,Petrol,excellent
Maruti Ertiga SHVS VDI,2017,720000,80000,Diesel,regular
Tata Safari Storme EX,2016,650000,50000,Diesel,good
Maruti Alto K10 VXI,2016,300000,25000,Petrol,regular
Hyundai Grand i10 1.2 CRDi Asta,2019,750000,20000,Diesel,excellent
Renault KWID RXT,2016,260000,60000,Petrol,good
Maruti Swift VDI,2011,300000,70000,Diesel,regular
Mahindra Bolero 2011-2019 SLX,2014,600000,50000,Diesel,excellent
Honda Accord V6 AT,2004,275000,100000,Petrol,good
Maruti Alto K10 VXI,2015,250000,52000,Petrol,regular
Maruti Swift Dzire VDI,2014,420000,80000,Diesel,excellent
Hyundai EON Era Plus,2015,235000,50000,Petrol,good
Mahindra Scorpio S10 7 Seater,2016,1100000,60000,Diesel,regular
Maruti Alto K10 VXI,2019,360000,25000,Petrol,excellent
Hyundai Grand i10 CRDi Asta,2014,380000,50000,Diesel,good
Ford EcoSport 1.5 TDCi Titanium BSIV,2016,650000,125000,Diesel,regular
Maruti Wagon R VXI Optional,2016,350000,80000,Petrol,good
Mahindra Bolero 2011-2019 DI - AC BS III,2017,700000,70000,Diesel,excellent
Hyundai i20 Asta (o) 1.4 CRDi (Diesel),2010,270000,90000,Diesel,regular
Tata Bolt Quadrajet XE,2017,450000,50000,Diesel,good
Mahindra Thar CRDe,2016,630000,101000,Diesel,excellent
Mahindra Xylo E4 BS IV,2010,229999,168000,Diesel,regular
Mahindra Xylo E4 BS IV,2010,229999,168000,Diesel,good
Maruti Wagon R VXI BS IV,2011,270000,40000,Petrol,regular
Tata Indica Vista Aura Safire Anniversary Edition,2009,135000,28900,Petrol,excellent
Maruti Wagon R VXI BS IV,2012,275000,20000,Petrol,good
Jaguar XE 2016-2019 2.0L Diesel Prestige,2017,2625000,9000,Diesel,regular
Lexus ES 300h,2019,5150000,20000,Petrol,excellent
Jaguar XF 2.0 Diesel Portfolio,2017,3200000,45000,Diesel,good
Tata Safari Storme EX,2015,503000,110000,Diesel,regular
Volvo XC40 D4 Inscription BSIV,2019,3800000,20000,Diesel,excellent
Toyota Camry 2.5 Hybrid,2016,2000000,68089,Petrol,good
Maruti Wagon R LXI,2013,225000,58343,Petrol,regular
Maruti Baleno Alpha 1.3,2018,740000,38817,Diesel,excellent
Honda Jazz VX,2016,550000,56494,Petrol,good
Toyota Innova 2.5 VX (Diesel) 7 Seater,2013,750000,79328,Diesel,regular
Maruti Swift AMT VVT VXI,2019,650000,5621,Petrol,good
Toyota Etios VX,2017,625000,25538,Petrol,excellent
Maruti Swift AMT ZXI,2018,600000,69779,Petrol,regular
Hyundai Grand i10 1.2 CRDi Sportz,2017,450000,56290,Diesel,good
BMW X4 M Sport X xDrive20d,2019,5400000,7500,Diesel,excellent
BMW X4 M Sport X xDrive20d,2019,5500000,8500,Diesel,regular
Honda Amaze V CVT Petrol BSIV,2019,779000,7032,Petrol,good
Skoda Rapid 1.6 MPI AT Elegance,2016,645000,11000,Petrol,regular
Volvo V40 D3 R-Design,2018,2475000,2000,Diesel,excellent
Mahindra TUV 300 T8,2015,634000,165000,Diesel,good
Maruti A-Star Zxi,2012,235000,98500,Petrol,regular
Hyundai i10 Asta,2008,275000,98000,Petrol,excellent
Mahindra Thar CRDe AC,2014,700000,40000,Diesel,good
Fiat Grande Punto Sport 90BHP,2013,400000,90000,Diesel,regular
Maruti Alto LXi,2012,215000,90000,Petrol,excellent
Hyundai Getz 1.5 CRDi GVS,2009,150000,110000,Diesel,good
Maruti S-Cross 2017-2020 Zeta DDiS 200 SH,2018,950000,77800,Diesel,regular
Mahindra TUV 300 T8,2015,730000,100000,Diesel,excellent
Tata Indica V2 Turbomax DLS BS IV,2012,135000,120000,Diesel,good
Hyundai Xcent 1.2 Kappa Base,2016,350000,80000,Petrol,regular
Mahindra KUV 100 G80 K6 Plus,2018,535000,21000,Petrol,good
Maruti Swift Dzire Tour S CNG,2018,455000,100000,Petrol,excellent
Maruti Swift Dzire VXI 1.2,2019,655000,25000,Petrol,regular
Ford EcoSport 1.5 Diesel Titanium BSIV,2019,800000,30000,Diesel,good
Toyota Yaris V CVT BSIV,2018,1100000,25000,Petrol,excellent
Mercedes-Benz E-Class E250 CDI Avantgarde,2016,3000000,40000,Diesel,regular
Toyota Fortuner 4x2 4 Speed AT,2012,1225000,160000,Diesel,good
Mahindra KUV 100 G80 K2,2018,340000,51492,Petrol,regular
Volkswagen Vento Diesel Highline,2011,300000,72000,Diesel,excellent
Ford Figo 1.2P Titanium Opt MT,2016,370000,60000,Petrol,good
Mahindra Bolero 2011-2019 SLE,2013,330000,136000,Diesel,regular
Hyundai Santro Xing GLS,2014,238000,60000,Petrol,excellent
Hyundai Santro Xing XG,2006,72000,110000,Petrol,good
Hyundai Santro Xing GLS,2013,200000,90000,Petrol,regular
Nissan Sunny Diesel XV,2014,320000,91000,Diesel,excellent
Hyundai Santro Xing GL Plus,2009,114999,90000,Petrol,good
Maruti Wagon R LXI BS IV,2015,320000,50000,Petrol,regular
Hyundai i10 Era,2010,210000,20000,Petrol,excellent
Mahindra Xylo D2 BS IV,2011,200000,120000,Diesel,good
Maruti Wagon R LXI Minor,2009,135000,150000,Petrol,regular
Tata Indigo CS LS (TDI) BS-III,2015,350000,52000,Diesel,good
Mahindra Bolero 2011-2019 DI BSIII,2014,350000,167000,Diesel,excellent
Maruti Swift Dzire VDI,2017,680000,40000,Diesel,regular
Maruti Swift Vdi BSIII,2010,200000,190000,Diesel,good
Renault KWID 1.0 RXT Optional,2016,300000,50000,Petrol,excellent
Mahindra Xylo E6,2011,270000,70000,Diesel,regular
Maruti Wagon R LXI BSIII,2012,225000,80000,Petrol,good
Mahindra Bolero DI DX 8 Seater,2008,250000,120000,Diesel,regular
Mahindra TUV 300 T8,2015,590000,40000,Diesel,excellent
Hyundai EON Era Plus,2015,290000,17000,Petrol,good
Maruti Zen Estilo LXI BS IV,2010,100000,180000,Petrol,regular
Maruti Celerio VXI,2016,395000,50000,Petrol,excellent
Hyundai EON Era Plus,2014,195000,65000,Petrol,good
Tata Nano Cx,2011,45000,10000,Petrol,regular
Mahindra Bolero DI DX 8 Seater,2009,270000,70000,Diesel,excellent
Chevrolet Tavera Neo 3 LT 9 Seats BSIII,2014,600000,90000,Diesel,good
Hyundai i20 Asta 1.4 CRDi,2015,715000,50000,Diesel,regular
Hyundai Elite i20 Magna Plus BSIV,2019,600000,10000,Petrol,excellent
Mahindra TUV 300 T6 Plus,2019,875000,25000,Diesel,good
Mahindra Scorpio M2DI,2011,420000,100000,Diesel,regular
Honda CR-V 2.4 4WD AT,2007,325000,70000,Petrol,good
Datsun GO Anniversary Edition,2017,385000,30000,Petrol,excellent
Mahindra KUV 100 mFALCON G80 K2,2016,300000,40000,Petrol,regular
Hyundai i20 Sportz 1.4 CRDi,2012,335000,135000,Diesel,good
Maruti Celerio LXI,2014,300000,35000,Petrol,excellent
Hyundai Accent GLE,2004,80000,120000,Petrol,regular
Mahindra Bolero 2011-2019 SLE,2012,400000,120000,Diesel,good
Tata Indigo CS LS (TDI) BS III,2012,168000,190000,Diesel,regular
Mahindra Bolero 2011-2019 Plus AC,2016,550000,120000,Diesel,excellent
Toyota Etios GD,2012,300000,120000,Diesel,good
Mahindra Bolero PLUS AC BSIII,2011,320000,175000,Diesel,regular
Mahindra Bolero 2011-2019 Plus - AC BSIII,2011,320000,175000,Diesel,excellent
Nissan Sunny XE,2011,350000,25000,Petrol,good
Tata Manza Club Class Quadrajet90 VX,2013,280000,80000,Diesel,regular
Hyundai Xcent 1.1 CRDi SX Option,2017,550000,70000,Diesel,excellent
Hyundai Xcent 1.2 VTVT E Plus,2018,500000,10000,Petrol,good
Ford Freestyle Titanium Plus Petrol BSIV,2019,700000,6000,Petrol,regular
Skoda Rapid Ultima 1.6 TDI Elegance,2013,380000,90000,Diesel,excellent
Mahindra Bolero 2011-2019 Plus - AC BSIII,2012,340000,110000,Diesel,good
Mahindra Bolero 2011-2019 Plus-AC Plus PS BSIII,2007,160000,120000,Diesel,regular
Toyota Innova 2.5 G (Diesel) 7 Seater,2014,750000,50000,Diesel,good
Hyundai Grand i10 1.2 Kappa Magna AT,2018,531000,20000,Petrol,excellent
Renault KWID 1.0 RXT Optional,2017,300000,35000,Petrol,regular
Volkswagen Polo 1.5 TDI Comfortline,2014,350000,60000,Diesel,good
Chevrolet Beat LT,2010,150000,68000,Petrol,excellent
Maruti Swift VXI Optional,2015,450000,30000,Petrol,regular
Mahindra XUV500 W10 2WD,2017,1625000,54000,Diesel,good
Maruti Swift 1.3 VXi,2006,140000,65000,Petrol,regular
Mahindra Bolero GLX,2004,250000,80000,Diesel,excellent
Tata Indica V2 DLX TC,2006,85000,120000,Diesel,good
Hyundai Grand i10 1.2 Kappa Magna BSIV,2018,450000,30000,Petrol,regular
Maruti Zen Estilo VXI BSIV W ABS,2011,170000,55113,Petrol,excellent
Tata Tiago 1.05 Revotorq XM,2017,360000,50000,Diesel,good
Maruti Alto K10 VXI,2020,390000,6000,Petrol,regular
Maruti Eeco 7 Seater Standard BSIV,2011,145000,50000,Petrol,excellent
Mahindra Scorpio VLX 2WD AIRBAG SE BSIV,2012,540000,90000,Diesel,good
Toyota Innova 2.5 E Diesel MS 8-seater,2008,290000,126000,Diesel,regular
Tata Indigo eCS VX BSIV,2013,300000,90000,Diesel,excellent
Ford Figo Aspire 1.2 Ti-VCT Titanium,2017,565000,80000,Petrol,good
Mahindra Scorpio 2.6 CRDe SLE,2011,441000,70000,Diesel,regular
Hyundai Santro Xing XP,2003,50000,80000,Petrol,good
Hyundai EON Era Plus,2011,180000,80000,Petrol,excellent
Hyundai EON D Lite,2013,200000,80000,Petrol,regular
Maruti Alto LX,2005,85000,150000,Petrol,good
Tata Indica V2 DL BSIII,2006,67500,110000,Diesel,excellent
Maruti Vitara Brezza ZDi Plus Dual Tone,2016,700000,110000,Diesel,regular
Volkswagen Polo Diesel Highline 1.2L,2010,275000,80000,Diesel,good
Hyundai Grand i10 1.2 Kappa Sportz BSIV,2019,600000,20000,Petrol,regular
Mahindra Xylo D2,2011,250000,120000,Diesel,excellent
Mahindra Bolero 2011-2019 DI - AC BS III,2016,600000,120000,Diesel,good
Fiat Linea 1.3 Active,2010,200000,80000,Diesel,regular
Hyundai Grand i10 CRDi Sportz,2015,425000,91500,Diesel,excellent
Maruti Swift Dzire VDi,2012,420000,120000,Diesel,good
Hyundai i20 1.4 CRDi Era,2012,321000,100000,Diesel,regular
Mahindra Xylo D4 BSIV,2012,350000,120000,Diesel,excellent
Honda Amaze i-VTEC Privilege Edition,2017,490000,80000,Petrol,good
Mahindra Scorpio S2 7 Seater,2015,680000,90000,Diesel,regular
Maruti Alto K10 VXI,2016,298000,70000,Petrol,excellent
Hyundai Santro GLS I - Euro I,1999,80000,110000,Petrol,good
Mahindra Scorpio M2DI,2011,450000,150000,Diesel,regular
Skoda Superb 1.8 TSI,2010,400000,60000,Petrol,good
Tata Indica Vista Quadrajet ZX,2012,250000,40000,Diesel,excellent
Ford Endeavour Hurricane Limited Edition,2013,1075000,110000,Diesel,regular
Hyundai Grand i10 Sportz,2017,500000,20000,Petrol,good
Ford Freestyle Trend Petrol BSIV,2019,681000,10000,Petrol,excellent
Mahindra XUV500 W8 2WD,2014,650000,90000,Diesel,regular
Chevrolet Aveo U-VA 1.2 LS,2008,80000,70000,Petrol,good
Mahindra Bolero SLX 2WD BSIII,2009,290000,120000,Diesel,regular
Mahindra Scorpio 2.6 SPORTZ CRDe,2006,220000,120000,Diesel,excellent
Hyundai Santro Xing GL,2009,120000,90000,Petrol,good
Datsun RediGO Sport,2017,229999,80000,Petrol,regular
Mahindra Bolero ZLX BSIII,2003,150000,132478,Diesel,excellent
Maruti Swift Dzire VXI,2014,500000,45000,Petrol,good
Tata Indigo CS LS (TDI) BS III,2013,175000,120000,Diesel,regular
Ford Freestyle Titanium Petrol BSIV,2019,720000,10000,Petrol,excellent
Maruti 800 AC,2012,100000,51000,Petrol,good
Honda Civic 1.8 V AT,2009,250000,105000,Petrol,regular
Mahindra XUV500 W6 2WD,2014,810000,100000,Diesel,excellent
Maruti Alto LXi,2010,165000,30000,Petrol,good
Chevrolet Tavera Neo 3 LS 10 Str,2016,409999,60000,Diesel,regular
Maruti Swift VDI,2013,430000,86000,Diesel,good
Datsun GO Plus D1,2015,300000,15000,Petrol,excellent
Maruti Swift Dzire VDi,2011,350000,137500,Diesel,regular
Renault KWID 1.0 RXT Optional,2018,400000,60000,Petrol,good
Chevrolet Enjoy 1.3 TCDi LS 7,2016,420000,70000,Diesel,excellent
Maruti Wagon R VXI BS IV,2015,430000,5000,Petrol,regular
Maruti Swift VXI Optional,2017,573000,30000,Petrol,good
Hyundai EON D Lite Plus,2015,210000,40000,Petrol,regular
Renault Duster 110PS Diesel RxZ,2015,600000,60000,Diesel,excellent
Honda City 2017-2020 GXi,2008,150000,70000,Petrol,good
Tata Tigor 1.2 Revotron XT,2019,550000,15000,Petrol,regular
Maruti Swift Dzire ZDi,2011,320000,110000,Diesel,excellent
Maruti 800 AC,2000,80000,70000,Petrol,good
Honda Amaze VX Diesel BSIV,2019,800000,10000,Diesel,regular
Maruti Ertiga ZXI,2013,500000,60000,Petrol,excellent
Tata Manza Aura Quadrajet,2011,229999,110000,Diesel,good
Maruti Ertiga ZXI,2013,500000,60000,Petrol,regular
Hyundai i20 Asta 1.2,2015,630000,35000,Petrol,excellent
Maruti Omni E MPI STD BS IV,2016,190000,70000,Petrol,good
Tata Manza Aura Quadrajet,2011,229999,110000,Diesel,regular
Mahindra Bolero VLX CRDe,2011,450000,100000,Diesel,good
Maruti Alto Std,2008,95000,120000,Petrol,excellent
Maruti Omni 8 Seater BSII,2009,101000,90000,Petrol,regular
Honda Amaze E i-Dtech,2016,500000,70000,Diesel,good
Toyota Innova 2.5 VX (Diesel) 7 Seater,2014,1019999,88000,Diesel,excellent
Hyundai EON Era Plus,2012,244000,38000,Petrol,regular
Maruti Wagon R LXI BS IV,2013,250000,90000,Petrol,good
Maruti Baleno Alpha 1.2,2016,660000,60000,Petrol,regular
Hyundai i20 Magna,2010,270000,60000,Petrol,excellent
Maruti Ritz VDi,2012,280000,156060,Diesel,good
Hyundai Creta 1.6 CRDi SX,2017,1050000,60000,Diesel,regular
Maruti Swift Dzire VXI,2017,525000,70000,Petrol,excellent
Hyundai Verna 1.6 CRDi S,2017,850000,35000,Diesel,good
Mahindra XUV500 W10 1.99 mHawk,2016,1165000,50000,Diesel,regular
Maruti Swift ZXI,2012,345000,50000,Petrol,excellent
Hyundai Santro Xing XS,2007,95000,100000,Petrol,good
Maruti Alto 800 LXI,2015,241000,15000,Petrol,regular
Maruti Alto 800 LXI,2015,235000,20000,Petrol,excellent
Ford EcoSport 1.5 TDCi Titanium Plus BSIV,2015,615000,80000,Diesel,good
Mahindra Verito Vibe 1.5 dCi D4,2014,350000,110000,Diesel,regular
Maruti Wagon R Stingray VXI,2014,350000,35000,Petrol,good
Maruti Wagon R Stingray VXI,2014,380000,35000,Petrol,excellent
Tata Sumo Gold EX BSIII,2017,400000,140000,Diesel,regular
Maruti Zen Estilo LXI BS IV,2010,220000,40000,Petrol,good
Tata Sumo GX,2008,270000,110000,Diesel,excellent
Maruti Ritz ZXi,2012,275000,70000,Petrol,regular
Tata Indica Vista Terra 1.4 TDI,2009,125000,100000,Diesel,good
Hyundai i10 Sportz 1.1L,2015,360000,20000,Petrol,regular
Hyundai Grand i10 1.2 Kappa Sportz BSIV,2019,550000,15000,Petrol,excellent
Ford Fiesta 1.4 ZXi Duratec,2011,200000,70000,Petrol,good
Mahindra KUV 100 mFALCON G80 K2,2016,327000,20000,Petrol,regular
Hyundai i10 Sportz 1.1L,2016,425000,15000,Petrol,excellent
Maruti Swift Dzire VDI,2017,620000,107000,Diesel,good
Tata Indica Vista Aqua 1.3 Quadrajet BSIV,2011,130000,54000,Diesel,regular
Maruti Alto LX,2009,120000,58000,Petrol,excellent
Mahindra Scorpio SLE BSIV,2011,400000,110000,Diesel,good
Hyundai Verna CRDi SX,2007,185000,90000,Diesel,regular
Hyundai EON 1.0 Kappa Magna Plus,2015,204999,43000,Petrol,excellent
Maruti Swift Dzire VDI,2017,625000,43000,Diesel,good
Maruti Ertiga ZDI,2013,600000,60000,Diesel,regular
Tata Indigo GLX,2011,150000,150000,Petrol,good
Renault KWID 1.0 RXT Optional,2017,300000,35000,Petrol,excellent
Chevrolet Sail Hatchback Petrol,2013,229999,46000,Petrol,regular
Maruti Omni E MPI STD BS IV,2018,220000,10000,Petrol,good
Hyundai i20 Asta Option 1.2,2016,576000,35000,Petrol,excellent
Renault KWID RXT,2016,265000,50000,Petrol,regular
Maruti Esteem Vxi - BSII,2005,50000,60000,Petrol,good
Hyundai Verna 1.6 VGT CRDi,2011,300000,80000,Diesel,regular
Tata Tigor 1.05 Revotorq XZ,2017,420000,110000,Diesel,excellent
Maruti Ertiga VDI,2015,750000,14000,Diesel,good
Maruti Alto 800 CNG LXI,2012,165000,60000,CNG,regular
Renault KWID RXT,2017,290000,28000,Petrol,excellent
Hyundai EON Era,2011,160000,57000,Petrol,good
Maruti Swift Dzire ZDI,2017,695000,50000,Diesel,regular
Maruti Wagon R Duo Lxi,2012,231000,70000,LPG,excellent
Toyota Corolla Altis D-4D J,2015,1050000,60000,Diesel,good
Hyundai i20 Sportz 1.2,2013,400000,70000,Petrol,regular
Hyundai i20 2015-2017 Sportz 1.2,2016,500000,40000,Petrol,excellent
Tata Manza Aqua Quadrajet BS IV,2010,150000,120000,Diesel,good
Mahindra Xylo H4,2016,400000,140000,Diesel,regular
Tata Indigo LS,2010,120000,100000,Diesel,good
Mahindra Xylo H4,2014,480000,120000,Diesel,excellent
Tata Indigo CS LX (TDI) BS-III,2013,200000,120000,Diesel,regular
Ford Fiesta Classic 1.4 Duratorq CLXI,2012,300000,64000,Diesel,good
Maruti Celerio VXI,2015,350000,25000,Petrol,excellent
Renault Triber RXT BSIV,2019,580000,12000,Petrol,regular
Chevrolet Beat Diesel LT,2012,200000,70000,Diesel,good
Mahindra Scorpio Getaway,2016,750000,120000,Diesel,regular
Renault KWID RXT,2016,261000,90000,Petrol,excellent
Chevrolet Sail 1.2 LS ABS,2015,371000,40000,Petrol,good
Mahindra Bolero DI Non AC BSIII,2010,320000,300000,Diesel,regular
Tata Indigo CS LX (TDI) BS III,2012,204999,120000,Diesel,excellent
Hyundai Accent GLX,2003,110000,90000,Petrol,good
Ford Fusion 1.4 TDCi Diesel,2009,150000,100000,Diesel,regular
Mahindra Bolero 2011-2019 SLX,2016,625000,90000,Diesel,excellent
Mahindra Scorpio 1.99 S10,2017,1300000,50000,Diesel,good
Skoda Octavia Ambition 2.0 TDI MT,2015,900000,168000,Diesel,regular
Ford Figo Diesel Titanium,2010,180000,110000,Diesel,excellent
Mahindra Bolero SLX,2010,421000,120000,Diesel,good
Tata Indigo CS LX (TDI) BS III,2012,204999,120000,Diesel,regular
Honda WR-V i-DTEC VX,2017,900000,40000,Diesel,good
Honda City 2017-2020 GXi,2006,165000,110000,Petrol,excellent
Hyundai i20 Magna 1.4 CRDi,2010,270000,100000,Diesel,regular
Maruti Vitara Brezza VDi,2017,750000,40000,Diesel,good
Hyundai Elite i20 Petrol Asta Option,2019,750000,30000,Petrol,excellent
Maruti 800 Std,2002,40000,80000,Petrol,regular
Ford Figo Diesel Titanium,2011,190000,90000,Diesel,good
Toyota Innova 2.5 G4 Diesel 7-seater,2009,395000,200000,Diesel,regular
Toyota Fortuner 3.0 Diesel,2010,800000,125000,Diesel,excellent
Hyundai i20 1.2 Sportz,2011,315000,80000,Petrol,good
Audi A4 2.0 TDI,2014,1600000,44000,Diesel,regular
Toyota Etios GD,2013,409999,90000,Diesel,excellent
Hyundai Grand i10 1.2 Kappa Sportz BSIV,2018,580000,32000,Petrol,good
Hyundai i20 Sportz 1.2,2013,340000,70000,Petrol,regular
Hyundai EON Magna Plus,2015,270000,43000,Petrol,excellent
Tata Zest Quadrajet 1.3 75PS XE,2017,280000,80000,Diesel,good
Tata Indica Vista Quadrajet VX,2012,130000,60000,Diesel,regular
Hyundai EON Era Plus,2014,260000,18945,Petrol,excellent
Hyundai Grand i10 1.2 CRDi Asta,2018,710000,70000,Diesel,good
Maruti Eeco Smiles 7 Seater Standard,2013,204999,100000,Petrol,regular
Datsun GO Plus Anniversary Edition,2017,300000,60000,Petrol,good
Maruti Swift Dzire VDi,2009,180000,144000,Diesel,excellent
Mahindra TUV 300 T6 Plus,2016,700000,120000,Diesel,regular
Hyundai i20 1.4 CRDi Magna,2012,320000,107825,Diesel,good
Maruti Alto 800 VXI Plus,2020,370000,15000,Petrol,excellent
Renault KWID RXT Optional,2018,340000,10000,Petrol,regular
Maruti XL6 Alpha,2019,1040000,1620,Petrol,good
Hyundai i20 Active SX Diesel,2018,750000,30000,Diesel,regular
Mahindra TUV 300 Plus P4 BSIV,2018,600000,70000,Diesel,excellent
Mahindra Bolero 2011-2019 DI - AC BS III,2016,550000,70000,Diesel,good
Toyota Innova 2.5 EV (Diesel) PS 7 Seater BS IV,2013,600000,95000,Diesel,regular
Tata Tigor 1.05 Revotorq XZ Option,2017,550000,50000,Diesel,excellent
Honda City i DTEC VX Option,2015,750000,160000,Diesel,good
Hyundai Santro Magna BSIV,2019,450000,10000,Petrol,regular
Maruti Ertiga VDI,2012,400000,100000,Diesel,excellent
Maruti Swift VDI Optional,2016,520000,50000,Diesel,good
Maruti Alto K10 Knightracer,2013,199000,60000,Petrol,regular
Chevrolet Beat Diesel LT,2012,150000,110000,Diesel,excellent
Hyundai i20 Active 1.4 SX with AVN,2016,540000,80000,Diesel,good
Maruti SX4 ZDI,2011,250000,85000,Diesel,regular
Maruti Wagon R LXI Minor,2010,200000,90000,Petrol,good
Tata Indica V2 2001-2011 eLX,2011,130000,90000,Diesel,excellent
Maruti 800 AC,2007,90000,90000,Petrol,regular
Hyundai Verna 1.6 SX,2012,450000,120000,Diesel,good
Hyundai Verna CRDi SX ABS,2009,280000,120000,Diesel,excellent
Tata New Safari 3L Dicor LX 4x2,2007,280000,160000,Diesel,regular
Maruti Zen LXI,2006,120000,141000,Petrol,good
Maruti Swift Ldi BSIII,2008,290000,100000,Diesel,regular
Hyundai Creta 1.4 EX Diesel,2019,1000000,15000,Diesel,excellent
Maruti Swift Dzire VDi,2012,415000,108000,Diesel,good
Maruti Swift Dzire VDI,2012,415000,108000,Diesel,regular
Chevrolet Beat Diesel LT,2015,240000,55000,Diesel,excellent
Tata Indica Vista Aura 1.3 Quadrajet (ABS) BS IV,2010,250000,37944,Diesel,good
Ford Figo Diesel EXI,2011,175000,90400,Diesel,regular
Hyundai Verna CRDi SX,2008,220000,85000,Diesel,excellent
Maruti Zen D,2003,85000,120000,Diesel,good
Maruti Swift Dzire VXI 1.2,2019,675000,5000,Petrol,regular
Renault Duster 85PS Diesel RxL,2016,535000,50000,Diesel,excellent
Renault Triber RXZ BSIV,2019,675000,5000,Petrol,good
Maruti Vitara Brezza ZDi Plus Dual Tone,2016,800000,90000,Diesel,regular
Maruti Ertiga ZDI,2012,425000,96000,Diesel,good
Maruti Eeco 5 Seater AC BSIV,2011,150000,80000,Petrol,excellent
Maruti Zen Estilo 1.1 LXI BSIII,2007,90000,60000,Petrol,regular
Mahindra XUV500 W6 2WD,2015,850000,90000,Diesel,good
Toyota Innova 2.5 G (Diesel) 7 Seater BS IV,2008,330000,193623,Diesel,excellent
Hyundai i20 1.4 Asta Option,2017,850000,63186,Diesel,regular
Mahindra Bolero SLX,2008,305000,219000,Diesel,good
Toyota Innova 2.5 VX (Diesel) 7 Seater,2013,910000,110000,Diesel,regular
Toyota Innova 2.5 VX 8 STR,2012,1100000,151000,Diesel,excellent
Maruti Baleno Zeta Automatic,2019,675000,5000,Petrol,good
Maruti Alto LXi BSIII,2010,150000,91500,Petrol,regular
Maruti Swift VDI BSIV,2015,550000,23000,Diesel,excellent
Volkswagen Vento Diesel Highline,2012,350000,40000,Diesel,good
Maruti Ritz VDi,2012,300000,70000,Diesel,regular
Toyota Innova Crysta 2.8 GX AT BSIV,2018,1745000,10000,Diesel,excellent
Mahindra Scorpio 2009-2014 EX 2WD 7S,2014,611000,90000,Diesel,good
Honda Brio S MT,2016,400000,68000,Petrol,regular
Hyundai Elantra CRDi SX,2013,700000,120000,Diesel,excellent
Chevrolet Sail Hatchback LS ABS,2013,300000,65000,Diesel,good
Hyundai Getz GLS,2005,65000,85000,Petrol,regular
Maruti Wagon R VXI BS IV,2011,200000,94000,Petrol,good
Hyundai i20 Asta Option 1.4 CRDi,2015,650000,100000,Diesel,excellent
Hyundai i20 Asta Option 1.4 CRDi,2015,650000,80000,Diesel,regular
Volkswagen Polo Diesel Trendline 1.2L,2013,350000,80000,Diesel,good
Tata Indica V2 DL BSIII,2011,75000,140500,Diesel,excellent
Maruti Swift Dzire VXi,2010,240000,143000,Petrol,regular
Maruti Alto K10 2010-2014 VXI,2013,240000,60000,Petrol,good
Tata Indica Vista Aura 1.3 Quadrajet (ABS) BS IV,2011,180000,120000,Diesel,regular
Hyundai Santa Fe 4WD AT,2014,900000,80000,Diesel,excellent
Mahindra Thar DI 4X4,2014,425000,63000,Diesel,good
Chevrolet Spark 1.0 LT,2009,95000,120000,Petrol,regular
Maruti Swift Dzire VDI,2018,811000,100000,Diesel,excellent
Hyundai Verna VTVT 1.6 SX Option,2018,1100000,60000,Petrol,good
Chevrolet Tavera Neo 3 LT 9 Seats BSIII,2013,600000,90000,Diesel,regular
Maruti Ertiga VDI,2014,550000,50000,Diesel,excellent
Mahindra Scorpio S4 Plus 4WD,2015,715000,70000,Diesel,good
Mahindra Xylo E8 BS4,2010,300000,40000,Diesel,regular
Tata Indigo LS BSII,2006,100000,120000,Diesel,excellent
Mahindra Scorpio EX,2013,500000,195000,Diesel,good
Maruti Wagon R Stingray VXI,2013,350000,40000,Petrol,regular
Tata Indica V2 DLS TC,2008,100000,40000,Diesel,good
Tata Safari DICOR 2.2 EX 4x2,2012,325000,120000,Diesel,excellent
Maruti Wagon R LXI BS IV,2012,220000,360003,Petrol,regular